구,역명
수원시,망포
수원시,매교
수원시,매탄권선
수원시,성균관대
수원시,세류
수원시,수원
수원시,수원
수원시,수원시청
수원시,영통
수원시,청명
수원시,화서
성남시,가천대
성남시,남한산성입구
성남시,단대오거리
성남시,모란
성남시,모란
성남시,미금
성남시,산성
성남시,서현
성남시,수내
성남시,수진
성남시,신흥
성남시,야탑
성남시,오리
성남시,이매
성남시,이매
성남시,정자
성남시,태평
성남시,판교
의정부시,가능
의정부시,녹양
의정부시,망월사
의정부시,의정부
의정부시,장암
의정부시,회룡
안양시,관악
안양시,명학
안양시,범계
안양시,석수
안양시,안양
안양시,인덕원
안양시,평촌
부천시,까치울
부천시,부천
부천시,부천시청
부천시,부천종합운동장
부천시,상동
부천시,소사
부천시,송내
부천시,신중동
부천시,역곡
부천시,중동
부천시,춘의
광명시,광명
광명시,광명사거리
광명시,철산
평택시,서정리
평택시,송탄
평택시,지제
평택시,진위
평택시,평택
동두천시,동두천
동두천시,동두천중앙
동두천시,보산
동두천시,소요산
동두천시,지행
안산시,고잔
안산시,반월
안산시,상록수
안산시,신길온천
안산시,안산
안산시,중앙
안산시,초지
안산시,한대앞
고양시,강매
고양시,곡산
고양시,능곡
고양시,대곡
고양시,대화
고양시,마두
고양시,백마
고양시,백석
고양시,삼송
고양시,원당
고양시,원흥
고양시,일산
고양시,정발산
고양시,주엽
고양시,지축
고양시,지축
고양시,탄현
고양시,풍산
고양시,행신
고양시,화전
고양시,화정
과천시,경마공원
과천시,과천
과천시,대공원
과천시,선바위
과천시,정부과천청사
구리시,갈매
구리시,구리
남양주시,금곡
남양주시,덕소
남양주시,도농
남양주시,도심
남양주시,마석
남양주시,별내
남양주시,사릉
남양주시,양정
남양주시,운길산
남양주시,천마산
남양주시,퇴계원
남양주시,팔당
남양주시,평내호평
오산시,서동탄
오산시,세마
오산시,오산
오산시,오산대
시흥시,달월
시흥시,오이도
시흥시,오이도
시흥시,월곶
시흥시,정왕
군포시,군포
군포시,금정
군포시,당정
군포시,대야미
군포시,산본
군포시,수리산
의왕시,의왕
하남시,
용인시,구성
용인시,기흥
용인시,보정
용인시,상갈
용인시,신갈
용인시,죽전
파주시,금릉
파주시,금촌
파주시,문산
파주시,야당
파주시,운정
파주시,월롱
파주시,파주
이천시,부발
이천시,신둔도예촌
이천시,이천
안성시,
김포시,
화성시,병점
광주시,경기광주
광주시,곤지암
광주시,삼동
광주시,초월
양주시,덕계
양주시,덕정
양주시,양주
포천시,
여주시,세종대왕릉
여주시,여주
양주군,
여주군,
화성군,
광주군,
연천군,
포천군,
가평군,가평
가평군,대성리
가평군,상천
가평군,청평
양평군,국수
양평군,신원
양평군,아신
양평군,양수
양평군,양평
양평군,오빈
양평군,용문
양평군,원덕
양평군,지평
종로구,경복궁
종로구,광화문
종로구,동대문
종로구,동대문
종로구,동묘앞
종로구,동묘앞
종로구,서대문
종로구,안국
종로구,종각
종로구,종로3가
종로구,종로3가
종로구,종로3가
종로구,종로5가
종로구,창신
종로구,충무로
종로구,혜화
중구,동대문역사문화공원
중구,동대문역사문화공원
중구,동대문역사문화공원
중구,동대입구
중구,명동
중구,버티고개
중구,서울
중구,서울
중구,서울
중구,시청
중구,시청
중구,신당
중구,신당
중구,약수
중구,약수
중구,을지로3가
중구,을지로3가
중구,을지로4가
중구,을지로4가
중구,을지로입구
중구,청구
중구,청구
중구,충무로
중구,회현
용산구,남영
용산구,녹사평
용산구,삼각지
용산구,삼각지
용산구,서빙고
용산구,서울
용산구,숙대입구
용산구,신용산
용산구,용산
용산구,용산
용산구,이촌
용산구,이촌
용산구,이태원
용산구,한강진
용산구,한남
용산구,효창공원앞
용산구,효창공원앞
성동구,금호
성동구,답십리
성동구,뚝섬
성동구,마장
성동구,상왕십리
성동구,서울숲
성동구,성수
성동구,신금호
성동구,신답
성동구,옥수
성동구,옥수
성동구,왕십리
성동구,왕십리
성동구,왕십리
성동구,왕십리
성동구,용답
성동구,응봉
성동구,한양대
성동구,행당
광진구,강변
광진구,건대입구
광진구,건대입구
광진구,광나루
광진구,구의
광진구,군자
광진구,군자
광진구,뚝섬유원지
광진구,아차산
광진구,어린이대공원
광진구,중곡
동대문구,신설동
동대문구,신설동
동대문구,신이문
동대문구,외대앞
동대문구,용두
동대문구,장한평
동대문구,제기동
동대문구,청량리
동대문구,청량리
동대문구,회기
중랑구,망우
중랑구,망우
중랑구,먹골
중랑구,면목
중랑구,봉화산
중랑구,사가정
중랑구,상봉
중랑구,상봉
중랑구,상봉
중랑구,신내
중랑구,양원
중랑구,용마산
중랑구,중랑
중랑구,중화
성북구,고려대
성북구,길음
성북구,돌곶이
성북구,보문
성북구,상월곡
성북구,성신여대입구
성북구,안암
성북구,월곡
성북구,한성대입구
강북구,미아
강북구,미아사거리
강북구,수유
도봉구,녹천
도봉구,도봉
도봉구,도봉산
도봉구,도봉산
도봉구,방학
도봉구,쌍문
도봉구,창동
도봉구,창동
노원구,공릉
노원구,광운대
노원구,노원
노원구,노원
노원구,당고개
노원구,마들
노원구,상계
노원구,석계
노원구,석계
노원구,수락산
노원구,월계
노원구,중계
노원구,태릉입구
노원구,태릉입구
노원구,하계
노원구,화랑대
은평구,구산
은평구,구파발
은평구,녹번
은평구,독바위
은평구,디엠시
은평구,디지털미디어시티
은평구,불광
은평구,불광
은평구,새절
은평구,수색
은평구,역촌
은평구,연신내
은평구,연신내
은평구,응암
은평구,증산
서대문구,가좌
서대문구,독립문
서대문구,무악재
서대문구,신촌
서대문구,충정로
서대문구,충정로
서대문구,홍제
마포구,공덕
마포구,공덕
마포구,공덕
마포구,광흥창
마포구,대흥
마포구,마포
마포구,마포구청
마포구,망원
마포구,상수
마포구,서강대
마포구,신정
마포구,신촌
마포구,아현
마포구,애오개
마포구,월드컵경기장
마포구,이대
마포구,합정
마포구,합정
마포구,홍대입구
마포구,홍대입구
양천구,목동
양천구,신정네거리
양천구,양천구청
양천구,오목교
강서구,개화산
강서구,김포공항
강서구,까치산
강서구,마곡
강서구,발산
강서구,방화
강서구,송정
강서구,우장산
강서구,화곡
구로구,개봉
구로구,검단오류
구로구,구로
구로구,구로디지털단지
구로구,구일
구로구,남구로
구로구,대림
구로구,대림
구로구,도림천
구로구,신도림
구로구,신도림
구로구,오류동
구로구,온수
구로구,온수
구로구,천왕
금천구,가산디지털단지
금천구,가산디지털단지
금천구,금천구청
금천구,독산
영등포구,당산
영등포구,대방
영등포구,문래
영등포구,보라매
영등포구,신길
영등포구,신길
영등포구,신풍
영등포구,양평
영등포구,여의나루
영등포구,여의도
영등포구,영등포
영등포구,영등포구청
영등포구,영등포구청
영등포구,영등포시장
동작구,남성
동작구,노량진
동작구,동작
동작구,사당
동작구,사당
동작구,상도
동작구,숭실대입구
동작구,신대방
동작구,신대방삼거리
동작구,이수
동작구,장승배기
동작구,총신대입구
관악구,낙성대
관악구,봉천
관악구,서울대입구
관악구,신림
서초구,고속터미널
서초구,고속터미널
서초구,교대
서초구,교대
서초구,남부터미널
서초구,남태령
서초구,내방
서초구,반포
서초구,방배
서초구,서초
서초구,양재
서초구,잠원
강남구,강남
강남구,강남구청
강남구,강남구청
강남구,개포동
강남구,구룡
강남구,논현
강남구,대모산입구
강남구,대청
강남구,대치
강남구,도곡
강남구,도곡
강남구,매봉
강남구,삼성
강남구,선릉
강남구,선릉
강남구,선정릉
강남구,수서
강남구,수서
강남구,신사
강남구,압구정
강남구,압구정로데오
강남구,역삼
강남구,일원
강남구,청담
강남구,학동
강남구,학여울
강남구,한티
송파구,가락시장
송파구,가락시장
송파구,개롱
송파구,거여
송파구,경찰병원
송파구,마천
송파구,몽촌토성
송파구,문정
송파구,방이
송파구,복정
송파구,복정
송파구,석촌
송파구,송파
송파구,신천
송파구,오금
송파구,오금
송파구,올림픽공원
송파구,잠실
송파구,잠실
송파구,잠실나루
송파구,장지
송파구,종합운동장
강동구,강동
강동구,강동구청
강동구,고덕
강동구,굽은다리
강동구,길동
강동구,둔촌동
강동구,명일
강동구,상일동
강동구,암사
강동구,천호
강동구,천호
중구,동인천
중구,신포
중구,인천
중구,인천
동구,도원
남구,도화
남구,석바위시장
남구,시민공원
남구,제물포
남구,주안
남구,주안
연수구,국제업무지구
연수구,동막
연수구,동춘
연수구,문학경기장
연수구,선학
연수구,센트럴파크
연수구,송도
연수구,신연수
연수구,연수
연수구,원인재
연수구,원인재
연수구,인천대입구
연수구,지식정보단지
연수구,캠퍼스타운
연수구,테크노파크
남동구,간석
남동구,간석오거리
남동구,남동구청
남동구,남동인더스파크
남동구,만수
남동구,모래내시장
남동구,부평삼거리
남동구,석천사거리
남동구,소래포구
남동구,예술회관
남동구,운연
남동구,인천논현
남동구,인천대공원
남동구,인천시청
남동구,인천시청
남동구,호구포
부평구,갈산
부평구,굴포천
부평구,동수
부평구,동암
부평구,백운
부평구,부개
부평구,부평
부평구,부평
부평구,부평구청
부평구,부평구청
부평구,부평시장
부평구,삼산체육관
계양구,경인교대입구
계양구,계산
계양구,계양
계양구,귤현
계양구,박촌
계양구,임학
계양구,작전
서구,가재울
서구,가정
서구,가정중앙시장
서구,검단사거리
서구,검바위
서구,검암
서구,독정
서구,마전
서구,서구청
서구,서부여성회관
서구,석남
서구,아시아드경기장
서구,완정
서구,왕길
서구,인천가좌
서구,주안국가산단
미추홀구,숭의
미추홀구,인천터미널
미추홀구,인하대
강화군,
옹진군,
